0,PASSWORD,DOB
1001,Password@001,14/02/2002
1002,Password@002,05/09/2004
1003,password003,20/06/2003
1004,password004,03/11/2001
1005,password005,28/07/2000
1006,password006,19/12/2005
1007,password007,10/03/2002
1008,password008,25/08/2003
1009,password009,09/05/2001
1010,password010,02/01/2004
1011,password011,18/09/2000
1012,password012,14/04/2003
1013,password013,30/11/2002
1014,password014,22/07/2001
1015,password015,05/12/2004
1016,password016,19/02/2000
1017,password017,11/10/2003
1018,password018,03/05/2002
1019,password019,28/01/2005
1020,password020,01/08/2000
1021,password021,16/06/2003
1022,password022,20/03/2001
1023,password023,09/09/2004
1024,password024,13/12/2002
1025,password025,24/04/2001
1026,password026,07/11/2004
1027,password027,31/07/2003
1028,password028,15/02/2000
1029,password029,28/09/2005
1030,password030,02/05/2002
1031,password031,19/01/2001
1032,password032,23/08/2004
1033,password033,08/04/2003
1034,password034,11/11/2000
1035,password035,27/06/2005
1036,password036,10/03/2002
1037,password037,14/10/2001
1038,password038,28/05/2004
1039,password039,01/12/2003
1040,password040,17/07/2000
1041,password041,21/09/2005
1042,password042,04/02/2002
1043,password043,09/11/2001
1044,password044,12/04/2004
1045,password045,26/01/2003
1046,password046,30/08/2000
1047,password047,03/03/2005
1048,password048,18/10/2002
1049,password049,22/05/2001
1050,password050,05/12/2004
1051,password051,14/09/2002
1052,password052,27/04/2001
1053,password053,01/11/2004
1054,password054,05/07/2003
1055,password055,19/02/2000
1056,password056,23/10/2005
1057,password057,08/05/2002
1058,password058,12/12/2001
1059,password059,26/07/2004
1060,password060,30/03/2003
1061,password061,03/10/2000
1062,password062,17/05/2005
1063,password063,21/01/2002
1064,password064,04/08/2001
1065,password065,09/11/2004
1066,password066,13/04/2003
1067,password067,26/10/2000
1068,password068,31/03/2005
1069,password069,14/09/2002
1070,password070,28/04/2001
1071,password071,02/11/2004
1072,password072,06/07/2003
1073,password073,20/02/2000
1074,password074,24/10/2005
1075,password075,09/05/2002
1076,password076,13/12/2001
1077,password077,17/06/2004
1078,password078,30/01/2003
1079,password079,04/08/2000
1080,password080,19/03/2005
1081,password081,22/10/2002
1082,password082,26/05/2001
1083,password083,31/12/2004
1084,password084,14/04/2003
1085,password085,18/09/2000
1086,password086,22/12/2005
1087,password087,27/07/2002
1088,password088,31/01/2001
1089,password089,05/08/2004
1090,password090,10/01/2003
1091,password091,14/06/2000
1092,password092,27/10/2005
1093,password093,01/05/2002
1094,password094,05/12/2001
1095,password095,19/07/2004
1096,password096,23/02/2003
1097,password097,27/09/2000
1098,password098,02/04/2005
1099,password099,16/11/2002
1100,password100,20/05/2001
1101,password101,14/10/2002
1102,password102,27/04/2001
1103,password103,01/11/2004
1104,password104,05/07/2003
1105,password105,19/02/2000
1106,password106,23/10/2005
1107,password107,08/05/2002
1108,password108,12/12/2001
1109,password109,26/07/2004
1110,password110,30/03/2003
1111,password111,03/10/2000
1112,password112,17/05/2005
1113,password113,21/01/2002
1114,password114,04/08/2001
1115,password115,09/11/2004
1116,password116,13/04/2003
1117,password117,26/10/2000
1118,password118,31/03/2005
1119,password119,14/09/2002
1120,password120,28/04/2001
1121,password121,02/11/2004
1122,password122,06/07/2003
1123,password123,20/02/2000
1124,password124,24/10/2005
1125,password125,09/05/2002
1126,password126,13/12/2001
1127,password127,17/06/2004
1128,password128,30/01/2003
1129,password129,04/08/2000
1130,password130,19/03/2005
1131,password131,22/10/2002
1132,password132,26/05/2001
1133,password133,31/12/2004
1134,password134,14/04/2003
1135,password135,18/09/2000
1136,password136,22/12/2005
1137,password137,27/07/2002
1138,password138,31/01/2001
1139,password139,05/08/2004
1140,password140,10/01/2003
1141,password141,14/06/2000
1142,password142,27/10/2005
1143,password143,01/05/2002
1144,password144,05/12/2001
1145,password145,19/07/2004
1146,password146,23/02/2003
1147,password147,27/09/2000
1148,password148,02/04/2005
1149,password149,16/11/2002
1150,password150,20/05/2001
1151,password151,14/10/2002
1152,password152,27/04/2001
1153,password153,01/11/2004
1154,password154,05/07/2003
1155,password155,19/02/2000
1156,password156,23/10/2005
1157,password157,08/05/2002
1158,password158,12/12/2001
1159,password159,26/07/2004
1160,password160,30/03/2003
1161,password161,03/10/2000
1162,password162,17/05/2005
1163,password163,21/01/2002
1164,password164,04/08/2001
1165,password165,09/11/2004
1166,password166,13/04/2003
1167,password167,26/10/2000
1168,password168,31/03/2005
1169,password169,14/09/2002
1170,password170,28/04/2001
1171,password171,02/11/2004
1172,password172,06/07/2003
1173,password173,20/02/2000
1174,password174,24/10/2005
1175,password175,09/05/2002
1176,password176,13/12/2001
1177,password177,17/06/2004
1178,password178,30/01/2003
1179,password179,04/08/2000
1180,password180,19/03/2005
1181,password181,22/10/2002
1182,password182,26/05/2001
1183,password183,31/12/2004
1184,password184,14/04/2003
1185,password185,18/09/2000
1186,password186,22/12/2005
1187,password187,27/07/2002
1188,password188,31/01/2001
1189,password189,05/08/2004
1190,password190,10/01/2003
1191,password191,14/06/2000
1192,password192,27/10/2005
1193,password193,01/05/2002
1194,password194,05/12/2001
1195,password195,19/07/2004
1196,password196,23/02/2003
1197,password197,27/09/2000
1198,password198,02/04/2005
1199,password199,16/11/2002
1200,password200,20/05/2001
1201,password201,14/10/2002
1202,password202,27/04/2001
1203,password203,01/11/2004
1204,password204,05/07/2003
1205,password205,19/02/2000
1206,password206,23/10/2005
1207,password207,08/05/2002
1208,password208,12/12/2001
1209,password209,26/07/2004
1210,password210,30/03/2003
1211,password211,03/10/2000
1212,password212,17/05/2005
1213,password213,21/01/2002
1214,password214,04/08/2001
1215,password215,09/11/2004
1216,password216,13/04/2003
1217,password217,26/10/2000
1218,password218,31/03/2005
1219,password219,14/09/2002
1220,password220,28/04/2001
1221,password221,02/11/2004
1222,password222,06/07/2003
1223,password223,20/02/2000
1224,password224,24/10/2005
1225,password225,09/05/2002
1226,password226,13/12/2001
1227,password227,17/06/2004
1228,password228,30/01/2003
1229,password229,04/08/2000
1230,password230,19/03/2005
1231,password231,22/10/2002
1232,password232,26/05/2001
1233,password233,31/12/2004
1234,password234,14/04/2003
1235,password235,18/09/2000
1236,password236,22/12/2005
1237,password237,27/07/2002
1238,password238,31/01/2001
1239,password239,05/08/2004
1240,password240,10/01/2003
1241,password241,14/06/2000
1242,password242,27/10/2005
1243,password243,01/05/2002
1244,password244,05/12/2001
1245,password245,19/07/2004
1246,password246,23/02/2003
1247,password247,27/09/2000
1248,password248,02/04/2005
1249,password249,16/11/2002
1250,password250,20/05/2001
1251,password251,14/10/2002
1252,password252,27/04/2001
1253,password253,01/11/2004
1254,password254,05/07/2003
1255,password255,19/02/2000
1256,password256,23/10/2005
1257,password257,08/05/2002
1258,password258,12/12/2001
1259,password259,26/07/2004
1260,password260,30/03/2003
1261,password261,03/10/2000
1262,password262,17/05/2005
1263,password263,21/01/2002
1264,password264,04/08/2001
1265,password265,09/11/2004
1266,password266,13/04/2003
1267,password267,26/10/2000
1268,password268,31/03/2005
1269,password269,14/09/2002
1270,password270,28/04/2001
1271,password271,02/11/2004
1272,password272,06/07/2003
1273,password273,20/02/2000
1274,password274,24/10/2005
1275,password275,09/05/2002
1276,password276,13/12/2001
1277,password277,17/06/2004
1278,password278,30/01/2003
1279,password279,04/08/2000
1280,password280,19/03/2005
1281,password281,22/10/2002
1282,password282,26/05/2001
1283,password283,31/12/2004
1284,password284,14/04/2003
1285,password285,18/09/2000
1286,password286,22/12/2005
1287,password287,27/07/2002
1288,password288,31/01/2001
1289,password289,05/08/2004
1290,password290,10/01/2003
1291,password291,14/06/2000
1292,password292,27/10/2005
1293,password293,01/05/2002
1294,password294,05/12/2001
1295,password295,19/07/2004
1296,password296,23/02/2003
1297,password297,27/09/2000
1298,password298,02/04/2005
1299,password299,16/11/2002
1300,password300,20/05/2001
1301,password301,14/10/2002
1302,password302,27/04/2001
1303,password303,01/11/2004
1304,password304,05/07/2003
1305,password305,19/02/2000
1306,password306,23/10/2005
1307,password307,08/05/2002
1308,password308,12/12/2001
1309,password309,26/07/2004
1310,password310,30/03/2003
1311,password311,03/10/2000
1312,password312,17/05/2005
1313,password313,21/01/2002
1314,password314,04/08/2001
1315,password315,09/11/2004
1316,password316,13/04/2003
1317,password317,26/10/2000
1318,password318,31/03/2005
1319,password319,14/09/2002
1320,password320,28/04/2001
1321,password321,02/11/2004
1322,password322,06/07/2003
1323,password323,20/02/2000
1324,password324,24/10/2005
1325,password325,09/05/2002
1326,password326,13/12/2001
1327,password327,17/06/2004
1328,password328,30/01/2003
1329,password329,04/08/2000
1330,password330,19/03/2005
1331,password331,22/10/2002
1332,password332,26/05/2001
1333,password333,31/12/2004
1334,password334,14/04/2003
1335,password335,18/09/2000
1336,password336,22/12/2005
1337,password337,27/07/2002
1338,password338,31/01/2001
1339,password339,05/08/2004
1340,password340,10/01/2003
1341,password341,14/06/2000
1342,password342,27/10/2005
1343,password343,01/05/2002
1344,password344,05/12/2001
1345,password345,19/07/2004
1346,password346,23/02/2003
1347,password347,27/09/2000
1348,password348,02/04/2005
1349,password349,16/11/2002
1350,password350,20/05/2001
1351,password351,14/10/2002
1352,password352,27/04/2001
1353,password353,01/11/2004
1354,password354,05/07/2003
1355,password355,19/02/2000
1356,password356,23/10/2005
1357,password357,08/05/2002
1358,password358,12/12/2001
1359,password359,26/07/2004
1360,password360,30/03/2003
1361,password361,03/10/2000
1362,password362,17/05/2005
1363,password363,21/01/2002
1364,password364,04/08/2001
1365,password365,09/11/2004
1366,password366,13/04/2003
1367,password367,26/10/2000
1368,password368,31/03/2005
1369,password369,14/09/2002
1370,password370,28/04/2001
1371,password371,02/11/2004
1372,password372,06/07/2003
1373,password373,20/02/2000
1374,password374,24/10/2005
1375,password375,09/05/2002
1376,password376,13/12/2001
1377,password377,17/06/2004
1378,password378,30/01/2003
1379,password379,04/08/2000
1380,password380,19/03/2005
1381,password381,22/10/2002
1382,password382,26/05/2001
1383,password383,31/12/2004
1384,password384,14/04/2003
1385,password385,18/09/2000
1386,password386,22/12/2005
1387,password387,27/07/2002
1388,password388,31/01/2001
1389,password389,05/08/2004
1390,password390,10/01/2003
1391,password391,14/06/2000
1392,password392,27/10/2005
1393,password393,01/05/2002
1394,password394,05/12/2001
1395,password395,19/07/2004
1396,password396,23/02/2003
1397,password397,27/09/2000
1398,password398,02/04/2005
1399,password399,16/11/2002
1400,password400,20/05/2001
1401,password401,14/10/2002
1402,password402,27/04/2001
1403,password403,01/11/2004
1404,password404,05/07/2003
1405,password405,19/02/2000
1406,password406,23/10/2005
1407,password407,08/05/2002
1408,password408,12/12/2001
1409,password409,26/07/2004
1410,password410,30/03/2003
1411,password411,03/10/2000
1412,password412,17/05/2005
1413,password413,21/01/2002
1414,password414,04/08/2001
1415,password415,09/11/2004
1416,password416,13/04/2003
1417,password417,26/10/2000
1418,password418,31/03/2005
1419,password419,14/09/2002
1420,password420,28/04/2001
1421,password421,02/11/2004
1422,password422,06/07/2003
1423,password423,20/02/2000
1424,password424,24/10/2005
1425,password425,09/05/2002
1426,password426,13/12/2001
1427,password427,17/06/2004
1428,password428,30/01/2003
1429,password429,04/08/2000
1430,password430,19/03/2005
1431,password431,22/10/2002
1432,password432,26/05/2001
1433,password433,31/12/2004
1434,password434,14/04/2003
1435,password435,18/09/2000
1436,password436,22/12/2005
1437,password437,27/07/2002
1438,password438,31/01/2001
1439,password439,05/08/2004
1440,password440,10/01/2003
1441,password441,14/06/2000
1442,password442,27/10/2005
1443,password443,01/05/2002
1444,password444,05/12/2001
1445,password445,19/07/2004
1446,password446,23/02/2003
1447,password447,27/09/2000
1448,password448,02/04/2005
1449,password449,16/11/2002
1450,password450,20/05/2001
1451,password451,14/10/2002
1452,password452,27/04/2001
1453,password453,01/11/2004
1454,password454,05/07/2003
1455,password455,19/02/2000
1456,password456,23/10/2005
1457,password457,08/05/2002
1458,password458,12/12/2001
1459,password459,26/07/2004
1460,password460,30/03/2003
1461,password461,03/10/2000
1462,password462,17/05/2005
1463,password463,21/01/2002
1464,password464,04/08/2001
1465,password465,09/11/2004
1466,password466,13/04/2003
1467,password467,26/10/2000
1468,password468,31/03/2005
1469,password469,14/09/2002
1470,password470,28/04/2001
1471,password471,02/11/2004
1472,password472,06/07/2003
1473,password473,20/02/2000
1474,password474,24/10/2005
1475,password475,09/05/2002
1476,password476,13/12/2001
1477,password477,17/06/2004
1478,password478,30/01/2003
1479,password479,04/08/2000
1480,password480,19/03/2005
1481,password481,22/10/2002
1482,password482,26/05/2001
1483,password483,31/12/2004
1484,password484,14/04/2003
1485,password485,18/09/2000
1486,password486,22/12/2005
1487,password487,27/07/2002
1488,password488,31/01/2001
1489,password489,05/08/2004
1490,password490,10/01/2003
1491,password491,14/06/2000
1492,password492,27/10/2005
1493,password493,01/05/2002
1494,password494,05/12/2001
1495,password495,19/07/2004
1496,password496,23/02/2003
1497,password497,27/09/2000
1498,password498,02/04/2005
1499,password499,16/11/2002
1500,password500,20/05/2001
1501,password501,14/10/2002
1502,password502,27/04/2001
1503,password503,01/11/2004
1504,password504,05/07/2003
1505,password505,19/02/2000
1506,password506,23/10/2005
1507,password507,08/05/2002
1508,password508,12/12/2001
1509,password509,26/07/2004
1510,password510,30/03/2003
1511,password511,03/10/2000
1512,password512,17/05/2005
1513,password513,21/01/2002
1514,password514,04/08/2001
1515,password515,09/11/2004
1516,password516,13/04/2003
1517,password517,26/10/2000
1518,password518,31/03/2005
1519,password519,14/09/2002
1520,password520,28/04/2001
1521,password521,14/10/2002
1522,password522,27/04/2001
1523,password523,01/11/2004
1524,password524,05/07/2003
1525,password525,19/02/2000
1526,password526,23/10/2005
1527,password527,08/05/2002
1528,password528,12/12/2001
1529,password529,26/07/2004
1530,password530,30/03/2003
1531,password531,03/10/2000
1532,password532,17/05/2005
1533,password533,21/01/2002
1534,password534,04/08/2001
1535,password535,09/11/2004
1536,password536,13/04/2003
1537,password537,26/10/2000
1538,password538,31/03/2005
1539,password539,14/09/2002
1540,password540,28/04/2001
1541,password541,02/11/2004
1542,password542,06/07/2003
1543,password543,20/02/2000
1544,password544,24/10/2005
1545,password545,09/05/2002
1546,password546,13/12/2001
1547,password547,17/06/2004
1548,password548,30/01/2003
1549,password549,04/08/2000
1550,password550,19/03/2005
1551,password551,22/10/2002
1552,password552,26/05/2001
1553,password553,31/12/2004
1554,password554,14/04/2003
1555,password555,18/09/2000
1556,password556,22/12/2005
1557,password557,27/07/2002
1558,password558,31/01/2001
1559,password559,05/08/2004
1560,password560,10/01/2003
1561,password561,14/06/2000
1562,password562,27/10/2005
1563,password563,01/05/2002
1564,password564,05/12/2001
1565,password565,19/07/2004
1566,password566,23/02/2003
1567,password567,27/09/2000
1568,password568,02/04/2005
1569,password569,16/11/2002
1570,password570,20/05/2001
1571,password571,14/10/2002
1572,password572,27/04/2001
1573,password573,01/11/2004
1574,password574,05/07/2003
1575,password575,19/02/2000
1576,password576,23/10/2005
1577,password577,08/05/2002
1578,password578,12/12/2001
1579,password579,26/07/2004
1580,password580,30/03/2003
1581,password581,03/10/2000
1582,password582,17/05/2005
1583,password583,21/01/2002
1584,password584,04/08/2001
1585,password585,09/11/2004
1586,password586,13/04/2003
1587,password587,26/10/2000
1588,password588,31/03/2005
1589,password589,14/09/2002
1590,password590,28/04/2001
1591,password591,02/11/2004
1592,password592,06/07/2003
1593,password593,20/02/2000
1594,password594,24/10/2005
1595,password595,09/05/2002
1596,password596,13/12/2001
1597,password597,17/06/2004
1598,password598,30/01/2003
1599,password599,04/08/2000
1600,password600,19/03/2005
1601,password601,14/10/2002
1602,password602,27/04/2001
1603,password603,01/11/2004
1604,password604,05/07/2003
1605,password605,19/02/2000
1606,password606,23/10/2005
1607,password607,08/05/2002
1608,password608,12/12/2001
1609,password609,26/07/2004
1610,password610,30/03/2003
1611,password611,03/10/2000
1612,password612,17/05/2005
1613,password613,21/01/2002
1614,password614,04/08/2001
1615,password615,09/11/2004
1616,password616,13/04/2003
1617,password617,26/10/2000
1618,password618,31/03/2005
1619,password619,14/09/2002
1620,password620,28/04/2001
1621,password621,02/11/2004
1622,password622,06/07/2003
1623,password623,20/02/2000
1624,password624,24/10/2005
1625,password625,09/05/2002
1626,password626,13/12/2001
1627,password627,17/06/2004
1628,password628,30/01/2003
1629,password629,04/08/2000
1630,password630,19/03/2005
1631,password631,22/10/2002
1632,password632,26/05/2001
1633,password633,31/12/2004
1634,password634,14/04/2003
1635,password635,18/09/2000
1636,password636,22/12/2005
1637,password637,27/07/2002
1638,password638,31/01/2001
1639,password639,05/08/2004
1640,password640,10/01/2003
1641,password641,14/06/2000
1642,password642,27/10/2005
1643,password643,01/05/2002
1644,password644,05/12/2001
1645,password645,19/07/2004
1646,password646,23/02/2003
1647,password647,27/09/2000
1648,password648,02/04/2005
1649,password649,16/11/2002
1650,password650,20/05/2001
1651,password651,14/10/2002
1652,password652,27/04/2001
1653,password653,01/11/2004
1654,password654,05/07/2003
1655,password655,19/02/2000
1656,password656,23/10/2005
1657,password657,08/05/2002
1658,password658,12/12/2001
1659,password659,26/07/2004
1660,password660,30/03/2003
1661,password661,03/10/2000
1662,password662,17/05/2005
1663,password663,21/01/2002
1664,password664,04/08/2001
1665,password665,09/11/2004
1666,password666,13/04/2003
1667,password667,26/10/2000
1668,password668,31/03/2005
1669,password669,14/09/2002
1670,password670,28/04/2001
1671,password671,02/11/2004
1672,password672,06/07/2003
1673,password673,20/02/2000
1674,password674,24/10/2005
1675,password675,09/05/2002
1676,password676,13/12/2001
1677,password677,17/06/2004
1678,password678,30/01/2003
1679,password679,04/08/2000
1680,password680,19/03/2005
1681,password681,22/10/2002
1682,password682,26/05/2001
1683,password683,31/12/2004
1684,password684,14/04/2003
1685,password685,18/09/2000
1686,password686,22/12/2005
1687,password687,27/07/2002
1688,password688,31/01/2001
1689,password689,05/08/2004
1690,password690,10/01/2003
1691,password691,14/06/2000
1692,password692,27/10/2005
1693,password693,01/05/2002
1694,password694,05/12/2001
1695,password695,19/07/2004
1696,password696,23/02/2003
1697,password697,27/09/2000
1698,password698,02/04/2005
1699,password699,16/11/2002
1700,password700,20/05/2001
1701,password701,14/10/2002
1702,password702,27/04/2001
1703,password703,01/11/2004
1704,password704,05/07/2003
1705,password705,19/02/2000
1706,password706,23/10/2005
1707,password707,08/05/2002
1708,password708,12/12/2001
1709,password709,26/07/2004
1710,password710,30/03/2003
1711,password711,03/10/2000
1712,password712,17/05/2005
1713,password713,21/01/2002
1714,password714,04/08/2001
1715,password715,09/11/2004
1716,password716,13/04/2003
1717,password717,26/10/2000
1718,password718,31/03/2005
1719,password719,14/09/2002
1720,password720,28/04/2001
1721,password721,02/11/2004
1722,password722,06/07/2003
1723,password723,20/02/2000
1724,password724,24/10/2005
1725,password725,09/05/2002
1726,password726,13/12/2001
1727,password727,17/06/2004
1728,password728,30/01/2003
1729,password729,04/08/2000
1730,password730,19/03/2005
1731,password731,22/10/2002
1732,password732,26/05/2001
1733,password733,31/12/2004
1734,password734,14/04/2003
1735,password735,18/09/2000
1736,password736,22/12/2005
1737,password737,27/07/2002
1738,password738,31/01/2001
1739,password739,05/08/2004
1740,password740,10/01/2003
1741,password741,14/06/2000
1742,password742,27/10/2005
1743,password743,01/05/2002
1744,password744,05/12/2001
1745,password745,19/07/2004
1746,password746,23/02/2003
1747,password747,27/09/2000
1748,password748,02/04/2005
1749,password749,16/11/2002
