STUDENT_ID,STUDENT_NAME,DOB,CGPA,SEMESTER
1001,Emily Johnson,14/02/2002,8.526,2
1002,Ethan Martinez,05/09/2004,7.234,2
1003,Sophia Brown,20/06/2003,5.367,2
1004,Liam Thompson,03/11/2001,9.012,2
1005,Olivia Davis,28/07/2000,6.854,2
1006,Noah Rodriguez,19/12/2005,7.527,2
1007,Ava Wilson,10/03/2002,8.145,2
1008,Mason Moore,25/08/2003,7.421,2
1009,Isabella Lee,09/05/2001,6.789,2
1010,William Taylor,02/01/2004,9.234,2
1011,Sophia Anderson,18/09/2000,7.876,2
1012,James White,14/04/2003,6.543,2
1013,Charlotte Clark,30/11/2002,8.912,2
1014,Aiden Hall,22/07/2001,7.234,2
1015,Amelia Scott,05/12/2004,6.789,2
1016,Alexander Green,19/02/2000,8.345,2
1017,Ella Adams,11/10/2003,7.456,2
1018,Michael Baker,03/05/2002,8.123,2
1019,Mia Garcia,28/01/2005,6.789,2
1020,Benjamin Martinez,01/08/2000,8.567,2
1021,Samantha King,16/06/2003,7.234,2
1022,Daniel Young,20/03/2001,7.890,2
1023,Grace Hernandez,09/09/2004,8.345,2
1024,Logan Lopez,13/12/2002,6.789,2
1025,Evelyn Gonzalez,24/04/2001,7.234,2
1026,Jack Harris,07/11/2004,8.012,2
1027,Lucas Wilson,31/07/2003,6.789,2
1028,Ella Moore,15/02/2000,7.567,2
1029,Lincoln Turner,28/09/2005,8.345,2
1030,Lily Allen,02/05/2002,6.789,2
1031,Owen Adams,19/01/2001,7.234,2
1032,Scarlett Hill,23/08/2004,8.123,2
1033,Wyatt Rivera,08/04/2003,6.789,2
1034,Chloe Collins,11/11/2000,7.456,2
1035,Matthew Mitchell,27/06/2005,8.567,2
1036,Zoe Perez,10/03/2002,6.789,2
1037,Carter Carter,14/10/2001,7.234,2
1038,Hannah Wright,28/05/2004,8.345,2
1039,Isaac Baker,01/12/2003,6.789,2
1040,Eleanor Torres,17/07/2000,7.890,2
1041,Sebastian Sanchez,21/09/2005,8.123,2
1042,Riley Morris,04/02/2002,6.789,2
1043,Victoria Ramirez,09/11/2001,7.234,2
1044,Nathan Reed,12/04/2004,8.456,2
1045,Madison Price,26/01/2003,6.789,2
1046,Julian Peterson,30/08/2000,7.234,2
1047,Hazel Cooper,03/03/2005,8.123,2
1048,Gabriel Rivera,18/10/2002,6.789,2
1049,Stella Stewart,22/05/2001,7.234,2
1050,David Wright,05/12/2004,8.567,2    
1051,Sophie Bailey,14/09/2002,7.456,2
1052,Lucas Cox,27/04/2001,8.234,2
1053,Ella Murphy,01/11/2004,6.789,2
1054,Nathan Kelly,05/07/2003,7.890,2
1055,Ava Richardson,19/02/2000,8.123,2
1056,Leo Wood,23/10/2005,6.789,2
1057,Harper Brooks,08/05/2002,7.234,2
1058,Matthew Hayes,12/12/2001,8.345,2
1059,Aria James,26/07/2004,6.789,2
1060,Ethan Russell,30/03/2003,7.234,2
1061,Abigail Hughes,03/10/2000,8.123,2
1062,Mason Reed,17/05/2005,6.789,2
1063,Sophia Price,21/01/2002,7.234,2
1064,Liam Collins,04/08/2001,8.456,2
1065,Isabella Ward,09/11/2004,6.789,2
1066,Oliver Griffin,13/04/2003,7.234,2
1067,Amelia Coleman,26/10/2000,8.567,2
1068,Elijah Bell,31/03/2005,6.789,2
1069,Charlotte Foster,14/09/2002,7.234,2
1070,James Perry,28/04/2001,8.123,2
1071,Avery Butler,02/11/2004,6.789,2
1072,Sofia Barnes,06/07/2003,7.234,2
1073,Lucas Simmons,20/02/2000,8.345,2
1074,Scarlett Diaz,24/10/2005,6.789,2
1075,Noah Hayes,09/05/2002,7.234,2
1076,Chloe Ward,13/12/2001,8.567,2
1077,Grace Harrison,17/06/2004,6.789,2
1078,Mason Mitchell,30/01/2003,7.234,2
1079,Ella Watson,04/08/2000,8.123,2
1080,Liam Peterson,19/03/2005,6.789,2
1081,Ava Cooper,22/10/2002,7.234,2
1082,Logan Brooks,26/05/2001,8.345,2
1083,Sophia Rivera,31/12/2004,6.789,2
1084,Jack Barnes,14/04/2003,7.234,2
1085,Ella Stewart,18/09/2000,8.456,2
1086,Luke Ramirez,22/12/2005,6.789,2
1087,Isabella Cox,27/07/2002,7.234,2
1088,Owen Ward,31/01/2001,8.567,2
1089,Hannah Mitchell,05/08/2004,6.789,2
1090,William Watson,10/01/2003,7.234,2
1091,Sophia Parker,14/06/2000,8.123,2
1092,Ethan Perry,27/10/2005,6.789,2
1093,Amelia Fisher,01/05/2002,7.234,2
1094,Liam Roberts,05/12/2001,8.345,2
1095,Ava Simmons,19/07/2004,6.789,2
1096,James Cooper,23/02/2003,7.234,2
1097,Olivia Bailey,27/09/2000,8.567,2
1098,Lucas Barnes,02/04/2005,6.789,2
1099,Charlotte Stewart,16/11/2002,7.234,2
1100,Noah Ramirez,20/05/2001,8.345,2
1101,Emma Foster,14/10/2002,7.456,2
1102,Mason Parker,27/04/2001,8.234,2
1103,Olivia Cox,01/11/2004,6.789,2
1104,Liam Kelly,05/07/2003,7.890,2
1105,Sophia Richardson,19/02/2000,8.123,2
1106,Ethan Wood,23/10/2005,6.789,2
1107,Isabella Brooks,08/05/2002,7.234,2
1108,William Hayes,12/12/2001,8.345,2
1109,Ava James,26/07/2004,6.789,2
1110,Noah Russell,30/03/2003,7.234,2
1111,Charlotte Hughes,03/10/2000,8.123,2
1112,Lucas Reed,17/05/2005,6.789,2
1113,Grace Price,21/01/2002,7.234,2
1114,Owen Collins,04/08/2001,8.456,2
1115,Avery Ward,09/11/2004,6.789,2
1116,Hannah Griffin,13/04/2003,7.234,2
1117,Logan Coleman,26/10/2000,8.567,2
1118,Ella Bell,31/03/2005,6.789,2
1119,Jack Foster,14/09/2002,7.234,2
1120,Sophie Perry,28/04/2001,8.123,2
1121,Liam Butler,02/11/2004,6.789,2
1122,Olivia Barnes,06/07/2003,7.234,2
1123,Emma Simmons,20/02/2000,8.345,2
1124,Mason Diaz,24/10/2005,6.789,2
1125,Sophia Hayes,09/05/2002,7.234,2
1126,William Ward,13/12/2001,8.567,2
1127,Isabella Peterson,17/06/2004,6.789,2
1128,James Mitchell,30/01/2003,7.234,2
1129,Ella Watson,04/08/2000,8.123,2
1130,Liam Peterson,19/03/2005,6.789,2
1131,Ava Cooper,22/10/2002,7.234,2
1132,Logan Brooks,26/05/2001,8.345,2
1133,Sophia Rivera,31/12/2004,6.789,2
1134,Jack Barnes,14/04/2003,7.234,2
1135,Ella Stewart,18/09/2000,8.456,2
1136,Luke Ramirez,22/12/2005,6.789,2
1137,Isabella Cox,27/07/2002,7.234,2
1138,Owen Ward,31/01/2001,8.567,2
1139,Hannah Mitchell,05/08/2004,6.789,2
1140,William Watson,10/01/2003,7.234,2
1141,Sophia Parker,14/06/2000,8.123,2
1142,Ethan Perry,27/10/2005,6.789,2
1143,Amelia Fisher,01/05/2002,7.234,2
1144,Liam Roberts,05/12/2001,8.345,2
1145,Ava Simmons,19/07/2004,6.789,2
1146,James Cooper,23/02/2003,7.234,2
1147,Olivia Bailey,27/09/2000,8.567,2
1148,Lucas Barnes,02/04/2005,6.789,2
1149,Charlotte Stewart,16/11/2002,7.234,2
1150,Noah Ramirez,20/05/2001,8.345,2
1151,Emma Foster,14/10/2002,7.456,2
1152,Mason Parker,27/04/2001,8.234,2
1153,Olivia Cox,01/11/2004,6.789,2
1154,Liam Kelly,05/07/2003,7.890,2
1155,Sophia Richardson,19/02/2000,8.123,2
1156,Ethan Wood,23/10/2005,6.789,2
1157,Isabella Brooks,08/05/2002,7.234,2
1158,William Hayes,12/12/2001,8.345,2
1159,Ava James,26/07/2004,6.789,2
1160,Noah Russell,30/03/2003,7.234,2
1161,Charlotte Hughes,03/10/2000,8.123,2
1162,Lucas Reed,17/05/2005,6.789,2
1163,Grace Price,21/01/2002,7.234,2
1164,Owen Collins,04/08/2001,8.456,2
1165,Avery Ward,09/11/2004,6.789,2
1166,Hannah Griffin,13/04/2003,7.234,2
1167,Logan Coleman,26/10/2000,8.567,2
1168,Ella Bell,31/03/2005,6.789,2
1169,Jack Foster,14/09/2002,7.234,2
1170,Sophie Perry,28/04/2001,8.123,2
1171,Liam Butler,02/11/2004,6.789,2
1172,Olivia Barnes,06/07/2003,7.234,2
1173,Emma Simmons,20/02/2000,8.345,2
1174,Mason Diaz,24/10/2005,6.789,2
1175,Sophia Hayes,09/05/2002,7.234,2
1176,William Ward,13/12/2001,8.567,2
1177,Isabella Peterson,17/06/2004,6.789,2
1178,James Mitchell,30/01/2003,7.234,2
1179,Ella Watson,04/08/2000,8.123,2
1180,Liam Peterson,19/03/2005,6.789,2
1181,Ava Cooper,22/10/2002,7.234,2
1182,Logan Brooks,26/05/2001,8.345,2
1183,Sophia Rivera,31/12/2004,6.789,2
1184,Jack Barnes,14/04/2003,7.234,2
1185,Ella Stewart,18/09/2000,8.456,2
1186,Luke Ramirez,22/12/2005,6.789,2
1187,Isabella Cox,27/07/2002,7.234,2
1188,Owen Ward,31/01/2001,8.567,2
1189,Hannah Mitchell,05/08/2004,6.789,2
1190,William Watson,10/01/2003,7.234,2
1191,Sophia Parker,14/06/2000,8.123,2
1192,Ethan Perry,27/10/2005,6.789,2
1193,Amelia Fisher,01/05/2002,7.234,2
1194,Liam Roberts,05/12/2001,8.345,2
1195,Ava Simmons,19/07/2004,6.789,2
1196,James Cooper,23/02/2003,7.234,2
1197,Olivia Bailey,27/09/2000,8.567,2
1198,Lucas Barnes,02/04/2005,6.789,2
1199,Charlotte Stewart,16/11/2002,7.234,2
1200,Noah Ramirez,20/05/2001,8.345,2
1201,Emma Foster,14/10/2002,7.456,2
1202,Mason Parker,27/04/2001,8.234,2
1203,Olivia Cox,01/11/2004,6.789,2
1204,Liam Kelly,05/07/2003,7.890,2
1205,Sophia Richardson,19/02/2000,8.123,2
1206,Ethan Wood,23/10/2005,6.789,2
1207,Isabella Brooks,08/05/2002,7.234,2
1208,William Hayes,12/12/2001,8.345,2
1209,Ava James,26/07/2004,6.789,2
1210,Noah Russell,30/03/2003,7.234,2
1211,Charlotte Hughes,03/10/2000,8.123,2
1212,Lucas Reed,17/05/2005,6.789,2
1213,Grace Price,21/01/2002,7.234,2
1214,Owen Collins,04/08/2001,8.456,2
1215,Avery Ward,09/11/2004,6.789,2
1216,Hannah Griffin,13/04/2003,7.234,2
1217,Logan Coleman,26/10/2000,8.567,2
1218,Ella Bell,31/03/2005,6.789,2
1219,Jack Foster,14/09/2002,7.234,2
1220,Sophie Perry,28/04/2001,8.123,2
1221,Liam Butler,02/11/2004,6.789,2
1222,Olivia Barnes,06/07/2003,7.234,2
1223,Emma Simmons,20/02/2000,8.345,2
1224,Mason Diaz,24/10/2005,6.789,2
1225,Sophia Hayes,09/05/2002,7.234,2
1226,William Ward,13/12/2001,8.567,2
1227,Isabella Peterson,17/06/2004,6.789,2
1228,James Mitchell,30/01/2003,7.234,2
1229,Ella Watson,04/08/2000,8.123,2
1230,Liam Peterson,19/03/2005,6.789,2
1231,Ava Cooper,22/10/2002,7.234,2
1232,Logan Brooks,26/05/2001,8.345,2
1233,Sophia Rivera,31/12/2004,6.789,2
1234,Jack Barnes,14/04/2003,7.234,2
1235,Ella Stewart,18/09/2000,8.456,2
1236,Luke Ramirez,22/12/2005,6.789,2
1237,Isabella Cox,27/07/2002,7.234,2
1238,Owen Ward,31/01/2001,8.567,2
1239,Hannah Mitchell,05/08/2004,6.789,2
1240,William Watson,10/01/2003,7.234,2
1241,Sophia Parker,14/06/2000,8.123,2
1242,Ethan Perry,27/10/2005,6.789,2
1243,Amelia Fisher,01/05/2002,7.234,2
1244,Liam Roberts,05/12/2001,8.345,2
1245,Ava Simmons,19/07/2004,6.789,2
1246,James Cooper,23/02/2003,7.234,2
1247,Olivia Bailey,27/09/2000,8.567,2
1248,Lucas Barnes,02/04/2005,6.789,2
1249,Charlotte Stewart,16/11/2002,7.234,2
1250,Noah Ramirez,20/05/2001,8.345,2
1251,Olivia Foster,14/10/2002,7.456,4
1252,Liam Parker,27/04/2001,8.234,4
1253,Sophia Cox,01/11/2004,6.789,4
1254,Ethan Kelly,05/07/2003,7.890,4
1255,Isabella Richardson,19/02/2000,8.123,4
1256,Noah Wood,23/10/2005,6.789,4
1257,Emma Brooks,08/05/2002,7.234,4
1258,Mason Hayes,12/12/2001,8.345,4
1259,Ava James,26/07/2004,6.789,4
1260,Lucas Russell,30/03/2003,7.234,4
1261,Charlotte Hughes,03/10/2000,8.123,4
1262,Liam Reed,17/05/2005,6.789,4
1263,Grace Price,21/01/2002,7.234,4
1264,Owen Collins,04/08/2001,8.456,4
1265,Avery Ward,09/11/2004,6.789,4
1266,Hannah Griffin,13/04/2003,7.234,4
1267,Logan Coleman,26/10/2000,8.567,4
1268,Ella Bell,31/03/2005,6.789,4
1269,Jack Foster,14/09/2002,7.234,4
1270,Sophie Perry,28/04/2001,8.123,4
1271,Liam Butler,02/11/2004,6.789,4
1272,Olivia Barnes,06/07/2003,7.234,4
1273,Emma Simmons,20/02/2000,8.345,4
1274,Mason Diaz,24/10/2005,6.789,4
1275,Sophia Hayes,09/05/2002,7.234,4
1276,William Ward,13/12/2001,8.567,4
1277,Isabella Peterson,17/06/2004,6.789,4
1278,James Mitchell,30/01/2003,7.234,4
1279,Ella Watson,04/08/2000,8.123,4
1280,Liam Peterson,19/03/2005,6.789,4
1281,Ava Cooper,22/10/2002,7.234,4
1282,Logan Brooks,26/05/2001,8.345,4
1283,Sophia Rivera,31/12/2004,6.789,4
1284,Jack Barnes,14/04/2003,7.234,4
1285,Ella Stewart,18/09/2000,8.456,4
1286,Luke Ramirez,22/12/2005,6.789,4
1287,Isabella Cox,27/07/2002,7.234,4
1288,Owen Ward,31/01/2001,8.567,4
1289,Hannah Mitchell,05/08/2004,6.789,4
1290,William Watson,10/01/2003,7.234,4
1291,Sophia Parker,14/06/2000,8.123,4
1292,Ethan Perry,27/10/2005,6.789,4
1293,Amelia Fisher,01/05/2002,7.234,4
1294,Liam Roberts,05/12/2001,8.345,4
1295,Ava Simmons,19/07/2004,6.789,4
1296,James Cooper,23/02/2003,7.234,4
1297,Olivia Bailey,27/09/2000,8.567,4
1298,Lucas Barnes,02/04/2005,6.789,4
1299,Charlotte Stewart,16/11/2002,7.234,4
1300,Noah Ramirez,20/05/2001,8.345,4
1301,Oliver Foster,14/10/2002,7.456,4
1302,Isabella Parker,27/04/2001,8.234,4
1303,Liam Cox,01/11/2004,6.789,4
1304,Sophia Kelly,05/07/2003,7.890,4
1305,Ethan Richardson,19/02/2000,8.123,4
1306,Emma Wood,23/10/2005,6.789,4
1307,Mason Brooks,08/05/2002,7.234,4
1308,William Hayes,12/12/2001,8.345,4
1309,Ava James,26/07/2004,6.789,4
1310,Noah Russell,30/03/2003,7.234,4
1311,Charlotte Hughes,03/10/2000,8.123,4
1312,Lucas Reed,17/05/2005,6.789,4
1313,Grace Price,21/01/2002,7.234,4
1314,Owen Collins,04/08/2001,8.456,4
1315,Avery Ward,09/11/2004,6.789,4
1316,Hannah Griffin,13/04/2003,7.234,4
1317,Logan Coleman,26/10/2000,8.567,4
1318,Ella Bell,31/03/2005,6.789,4
1319,Jack Foster,14/09/2002,7.234,4
1320,Sophie Perry,28/04/2001,8.123,4
1321,Liam Butler,02/11/2004,6.789,4
1322,Olivia Barnes,06/07/2003,7.234,4
1323,Emma Simmons,20/02/2000,8.345,4
1324,Mason Diaz,24/10/2005,6.789,4
1325,Sophia Hayes,09/05/2002,7.234,4
1326,William Ward,13/12/2001,8.567,4
1327,Isabella Peterson,17/06/2004,6.789,4
1328,James Mitchell,30/01/2003,7.234,4
1329,Ella Watson,04/08/2000,8.123,4
1330,Liam Peterson,19/03/2005,6.789,4
1331,Ava Cooper,22/10/2002,7.234,4
1332,Logan Brooks,26/05/2001,8.345,4
1333,Sophia Rivera,31/12/2004,6.789,4
1334,Jack Barnes,14/04/2003,7.234,4
1335,Ella Stewart,18/09/2000,8.456,4
1336,Luke Ramirez,22/12/2005,6.789,4
1337,Isabella Cox,27/07/2002,7.234,4
1338,Owen Ward,31/01/2001,8.567,4
1339,Hannah Mitchell,05/08/2004,6.789,4
1340,William Watson,10/01/2003,7.234,4
1341,Sophia Parker,14/06/2000,8.123,4
1342,Ethan Perry,27/10/2005,6.789,4
1343,Amelia Fisher,01/05/2002,7.234,4
1344,Liam Roberts,05/12/2001,8.345,4
1345,Ava Simmons,19/07/2004,6.789,4
1346,James Cooper,23/02/2003,7.234,4
1347,Olivia Bailey,27/09/2000,8.567,4
1348,Lucas Barnes,02/04/2005,6.789,4
1349,Charlotte Stewart,16/11/2002,7.234,4
1350,Noah Ramirez,20/05/2001,8.345,4
1351,Oliver Foster,14/10/2002,7.456,4
1352,Isabella Parker,27/04/2001,8.234,4
1353,Liam Cox,01/11/2004,6.789,4
1354,Sophia Kelly,05/07/2003,7.890,4
1355,Ethan Richardson,19/02/2000,8.123,4
1356,Emma Wood,23/10/2005,6.789,4
1357,Mason Brooks,08/05/2002,7.234,4
1358,William Hayes,12/12/2001,8.345,4
1359,Ava James,26/07/2004,6.789,4
1360,Noah Russell,30/03/2003,7.234,4
1361,Charlotte Hughes,03/10/2000,8.123,4
1362,Lucas Reed,17/05/2005,6.789,4
1363,Grace Price,21/01/2002,7.234,4
1364,Owen Collins,04/08/2001,8.456,4
1365,Avery Ward,09/11/2004,6.789,4
1366,Hannah Griffin,13/04/2003,7.234,4
1367,Logan Coleman,26/10/2000,8.567,4
1368,Ella Bell,31/03/2005,6.789,4
1369,Jack Foster,14/09/2002,7.234,4
1370,Sophie Perry,28/04/2001,8.123,4
1371,Liam Butler,02/11/2004,6.789,4
1372,Olivia Barnes,06/07/2003,7.234,4
1373,Emma Simmons,20/02/2000,8.345,4
1374,Mason Diaz,24/10/2005,6.789,4
1375,Sophia Hayes,09/05/2002,7.234,4
1376,William Ward,13/12/2001,8.567,4
1377,Isabella Peterson,17/06/2004,6.789,4
1378,James Mitchell,30/01/2003,7.234,4
1379,Ella Watson,04/08/2000,8.123,4
1380,Liam Peterson,19/03/2005,6.789,4
1381,Ava Cooper,22/10/2002,7.234,4
1382,Logan Brooks,26/05/2001,8.345,4
1383,Sophia Rivera,31/12/2004,6.789,4
1384,Jack Barnes,14/04/2003,7.234,4
1385,Ella Stewart,18/09/2000,8.456,4
1386,Luke Ramirez,22/12/2005,6.789,4
1387,Isabella Cox,27/07/2002,7.234,4
1388,Owen Ward,31/01/2001,8.567,4
1389,Hannah Mitchell,05/08/2004,6.789,4
1390,William Watson,10/01/2003,7.234,4
1391,Sophia Parker,14/06/2000,8.123,4
1392,Ethan Perry,27/10/2005,6.789,4
1393,Amelia Fisher,01/05/2002,7.234,4
1394,Liam Roberts,05/12/2001,8.345,4
1395,Ava Simmons,19/07/2004,6.789,4
1396,James Cooper,23/02/2003,7.234,4
1397,Olivia Bailey,27/09/2000,8.567,4
1398,Lucas Barnes,02/04/2005,6.789,4
1399,Charlotte Stewart,16/11/2002,7.234,4
1400,Noah Ramirez,20/05/2001,8.345,4
1401,Oliver Foster,14/10/2002,7.456,4
1402,Isabella Parker,27/04/2001,8.234,4
1403,Liam Cox,01/11/2004,6.789,4
1404,Sophia Kelly,05/07/2003,7.890,4
1405,Ethan Richardson,19/02/2000,8.123,4
1406,Emma Wood,23/10/2005,6.789,4
1407,Mason Brooks,08/05/2002,7.234,4
1408,William Hayes,12/12/2001,8.345,4
1409,Ava James,26/07/2004,6.789,4
1410,Noah Russell,30/03/2003,7.234,4
1411,Charlotte Hughes,03/10/2000,8.123,4
1412,Lucas Reed,17/05/2005,6.789,4
1413,Grace Price,21/01/2002,7.234,4
1414,Owen Collins,04/08/2001,8.456,4
1415,Avery Ward,09/11/2004,6.789,4
1416,Hannah Griffin,13/04/2003,7.234,4
1417,Logan Coleman,26/10/2000,8.567,4
1418,Ella Bell,31/03/2005,6.789,4
1419,Jack Foster,14/09/2002,7.234,4
1420,Sophie Perry,28/04/2001,8.123,4
1421,Liam Butler,02/11/2004,6.789,4
1422,Olivia Barnes,06/07/2003,7.234,4
1423,Emma Simmons,20/02/2000,8.345,4
1424,Mason Diaz,24/10/2005,6.789,4
1425,Sophia Hayes,09/05/2002,7.234,4
1426,William Ward,13/12/2001,8.567,4
1427,Isabella Peterson,17/06/2004,6.789,4
1428,James Mitchell,30/01/2003,7.234,4
1429,Ella Watson,04/08/2000,8.123,4
1430,Liam Peterson,19/03/2005,6.789,4
1431,Ava Cooper,22/10/2002,7.234,4
1432,Logan Brooks,26/05/2001,8.345,4
1433,Sophia Rivera,31/12/2004,6.789,4
1434,Jack Barnes,14/04/2003,7.234,4
1435,Ella Stewart,18/09/2000,8.456,4
1436,Luke Ramirez,22/12/2005,6.789,4
1437,Isabella Cox,27/07/2002,7.234,4
1438,Owen Ward,31/01/2001,8.567,4
1439,Hannah Mitchell,05/08/2004,6.789,4
1440,William Watson,10/01/2003,7.234,4
1441,Sophia Parker,14/06/2000,8.123,4
1442,Ethan Perry,27/10/2005,6.789,4
1443,Amelia Fisher,01/05/2002,7.234,4
1444,Liam Roberts,05/12/2001,8.345,4
1445,Ava Simmons,19/07/2004,6.789,4
1446,James Cooper,23/02/2003,7.234,4
1447,Olivia Bailey,27/09/2000,8.567,4
1448,Lucas Barnes,02/04/2005,6.789,4
1449,Charlotte Stewart,16/11/2002,7.234,4
1450,Noah Ramirez,20/05/2001,8.345,4
1451,Oliver Foster,14/10/2002,7.456,4
1452,Isabella Parker,27/04/2001,8.234,4
1453,Liam Cox,01/11/2004,6.789,4
1454,Sophia Kelly,05/07/2003,7.890,4
1455,Ethan Richardson,19/02/2000,8.123,4
1456,Emma Wood,23/10/2005,6.789,4
1457,Mason Brooks,08/05/2002,7.234,4
1458,William Hayes,12/12/2001,8.345,4
1459,Ava James,26/07/2004,6.789,4
1460,Noah Russell,30/03/2003,7.234,4
1461,Charlotte Hughes,03/10/2000,8.123,4
1462,Lucas Reed,17/05/2005,6.789,4
1463,Grace Price,21/01/2002,7.234,4
1464,Owen Collins,04/08/2001,8.456,4
1465,Avery Ward,09/11/2004,6.789,4
1466,Hannah Griffin,13/04/2003,7.234,4
1467,Logan Coleman,26/10/2000,8.567,4
1468,Ella Bell,31/03/2005,6.789,4
1469,Jack Foster,14/09/2002,7.234,4
1470,Sophie Perry,28/04/2001,8.123,4
1471,Liam Butler,02/11/2004,6.789,4
1472,Olivia Barnes,06/07/2003,7.234,4
1473,Emma Simmons,20/02/2000,8.345,4
1474,Mason Diaz,24/10/2005,6.789,4
1475,Sophia Hayes,09/05/2002,7.234,4
1476,William Ward,13/12/2001,8.567,4
1477,Isabella Peterson,17/06/2004,6.789,4
1478,James Mitchell,30/01/2003,7.234,4
1479,Ella Watson,04/08/2000,8.123,4
1480,Liam Peterson,19/03/2005,6.789,4
1481,Ava Cooper,22/10/2002,7.234,4
1482,Logan Brooks,26/05/2001,8.345,4
1483,Sophia Rivera,31/12/2004,6.789,4
1484,Jack Barnes,14/04/2003,7.234,4
1485,Ella Stewart,18/09/2000,8.456,4
1486,Luke Ramirez,22/12/2005,6.789,4
1487,Isabella Cox,27/07/2002,7.234,4
1488,Owen Ward,31/01/2001,8.567,4
1489,Hannah Mitchell,05/08/2004,6.789,4
1490,William Watson,10/01/2003,7.234,4
1491,Sophia Parker,14/06/2000,8.123,4
1492,Ethan Perry,27/10/2005,6.789,4
1493,Amelia Fisher,01/05/2002,7.234,4
1494,Liam Roberts,05/12/2001,8.345,4
1495,Ava Simmons,19/07/2004,6.789,4
1496,James Cooper,23/02/2003,7.234,4
1497,Olivia Bailey,27/09/2000,8.567,4
1498,Lucas Barnes,02/04/2005,6.789,4
1499,Charlotte Stewart,16/11/2002,7.234,4
1500,Noah Ramirez,20/05/2001,8.345,4
1501,Oliver Foster,14/10/2002,7.456,6
1502,Isabella Parker,27/04/2001,8.234,6
1503,Liam Cox,01/11/2004,6.789,6
1504,Sophia Kelly,05/07/2003,7.890,6
1505,Ethan Richardson,19/02/2000,8.123,6
1506,Emma Wood,23/10/2005,6.789,6
1507,Mason Brooks,08/05/2002,7.234,6
1508,William Hayes,12/12/2001,8.345,6
1509,Ava James,26/07/2004,6.789,6
1510,Noah Russell,30/03/2003,7.234,6
1511,Charlotte Hughes,03/10/2000,8.123,6
1512,Lucas Reed,17/05/2005,6.789,6
1513,Grace Price,21/01/2002,7.234,6
1514,Owen Collins,04/08/2001,8.456,6
1515,Avery Ward,09/11/2004,6.789,6
1516,Hannah Griffin,13/04/2003,7.234,6
1517,Logan Coleman,26/10/2000,8.567,6
1518,Ella Bell,31/03/2005,6.789,6
1519,Jack Foster,14/09/2002,7.234,6
1520,Sophie Perry,28/04/2001,8.123,6
1521,Olivia Foster,14/10/2002,7.456,6
1522,Liam Parker,27/04/2001,8.234,6
1523,Sophia Cox,01/11/2004,6.789,6
1524,Ethan Kelly,05/07/2003,7.890,6
1525,Isabella Richardson,19/02/2000,8.123,6
1526,Noah Wood,23/10/2005,6.789,6
1527,Emma Brooks,08/05/2002,7.234,6
1528,Mason Hayes,12/12/2001,8.345,6
1529,Ava James,26/07/2004,6.789,6
1530,Lucas Russell,30/03/2003,7.234,6
1531,Charlotte Hughes,03/10/2000,8.123,6
1532,Liam Reed,17/05/2005,6.789,6
1533,Grace Price,21/01/2002,7.234,6
1534,Owen Collins,04/08/2001,8.456,6
1535,Avery Ward,09/11/2004,6.789,6
1536,Hannah Griffin,13/04/2003,7.234,6
1537,Logan Coleman,26/10/2000,8.567,6
1538,Ella Bell,31/03/2005,6.789,6
1539,Jack Foster,14/09/2002,7.234,6
1540,Sophie Perry,28/04/2001,8.123,6
1541,Liam Butler,02/11/2004,6.789,6
1542,Olivia Barnes,06/07/2003,7.234,6
1543,Emma Simmons,20/02/2000,8.345,6
1544,Mason Diaz,24/10/2005,6.789,6
1545,Sophia Hayes,09/05/2002,7.234,6
1546,William Ward,13/12/2001,8.567,6
1547,Isabella Peterson,17/06/2004,6.789,6
1548,James Mitchell,30/01/2003,7.234,6
1549,Ella Watson,04/08/2000,8.123,6
1550,Liam Peterson,19/03/2005,6.789,6
1551,Ava Cooper,22/10/2002,7.234,6
1552,Logan Brooks,26/05/2001,8.345,6
1553,Sophia Rivera,31/12/2004,6.789,6
1554,Jack Barnes,14/04/2003,7.234,6
1555,Ella Stewart,18/09/2000,8.456,6
1556,Luke Ramirez,22/12/2005,6.789,6
1557,Isabella Cox,27/07/2002,7.234,6
1558,Owen Ward,31/01/2001,8.567,6
1559,Hannah Mitchell,05/08/2004,6.789,6
1560,William Watson,10/01/2003,7.234,6
1561,Sophia Parker,14/06/2000,8.123,6
1562,Ethan Perry,27/10/2005,6.789,6
1563,Amelia Fisher,01/05/2002,7.234,6
1564,Liam Roberts,05/12/2001,8.345,6
1565,Ava Simmons,19/07/2004,6.789,6
1566,James Cooper,23/02/2003,7.234,6
1567,Olivia Bailey,27/09/2000,8.567,6
1568,Lucas Barnes,02/04/2005,6.789,6
1569,Charlotte Stewart,16/11/2002,7.234,6
1570,Noah Ramirez,20/05/2001,8.345,6
1571,Oliver Foster,14/10/2002,7.456,6
1572,Isabella Parker,27/04/2001,8.234,6
1573,Liam Cox,01/11/2004,6.789,6
1574,Sophia Kelly,05/07/2003,7.890,6
1575,Ethan Richardson,19/02/2000,8.123,6
1576,Emma Wood,23/10/2005,6.789,6
1577,Mason Brooks,08/05/2002,7.234,6
1578,William Hayes,12/12/2001,8.345,6
1579,Ava James,26/07/2004,6.789,6
1580,Noah Russell,30/03/2003,7.234,6
1581,Charlotte Hughes,03/10/2000,8.123,6
1582,Lucas Reed,17/05/2005,6.789,6
1583,Grace Price,21/01/2002,7.234,6
1584,Owen Collins,04/08/2001,8.456,6
1585,Avery Ward,09/11/2004,6.789,6
1586,Hannah Griffin,13/04/2003,7.234,6
1587,Logan Coleman,26/10/2000,8.567,6
1588,Ella Bell,31/03/2005,6.789,6
1589,Jack Foster,14/09/2002,7.234,6
1590,Sophie Perry,28/04/2001,8.123,6
1591,Liam Butler,02/11/2004,6.789,6
1592,Olivia Barnes,06/07/2003,7.234,6
1593,Emma Simmons,20/02/2000,8.345,6
1594,Mason Diaz,24/10/2005,6.789,6
1595,Sophia Hayes,09/05/2002,7.234,6
1596,William Ward,13/12/2001,8.567,6
1597,Isabella Peterson,17/06/2004,6.789,6
1598,James Mitchell,30/01/2003,7.234,6
1599,Ella Watson,04/08/2000,8.123,6
1600,Liam Peterson,19/03/2005,6.789,6
1601,Oliver Foster,14/10/2002,7.456,6
1602,Isabella Parker,27/04/2001,8.234,6
1603,Liam Cox,01/11/2004,6.789,6
1604,Sophia Kelly,05/07/2003,7.890,6
1605,Ethan Richardson,19/02/2000,8.123,6
1606,Emma Wood,23/10/2005,6.789,6
1607,Mason Brooks,08/05/2002,7.234,6
1608,William Hayes,12/12/2001,8.345,6
1609,Ava James,26/07/2004,6.789,6
1610,Noah Russell,30/03/2003,7.234,6
1611,Charlotte Hughes,03/10/2000,8.123,6
1612,Lucas Reed,17/05/2005,6.789,6
1613,Grace Price,21/01/2002,7.234,6
1614,Owen Collins,04/08/2001,8.456,6
1615,Avery Ward,09/11/2004,6.789,6
1616,Hannah Griffin,13/04/2003,7.234,6
1617,Logan Coleman,26/10/2000,8.567,6
1618,Ella Bell,31/03/2005,6.789,6
1619,Jack Foster,14/09/2002,7.234,6
1620,Sophie Perry,28/04/2001,8.123,6
1621,Liam Butler,02/11/2004,6.789,6
1622,Olivia Barnes,06/07/2003,7.234,6
1623,Emma Simmons,20/02/2000,8.345,6
1624,Mason Diaz,24/10/2005,6.789,6
1625,Sophia Hayes,09/05/2002,7.234,6
1626,William Ward,13/12/2001,8.567,6
1627,Isabella Peterson,17/06/2004,6.789,6
1628,James Mitchell,30/01/2003,7.234,6
1629,Ella Watson,04/08/2000,8.123,6
1630,Liam Peterson,19/03/2005,6.789,6
1631,Ava Cooper,22/10/2002,7.234,6
1632,Logan Brooks,26/05/2001,8.345,6
1633,Sophia Rivera,31/12/2004,6.789,6
1634,Jack Barnes,14/04/2003,7.234,6
1635,Ella Stewart,18/09/2000,8.456,6
1636,Luke Ramirez,22/12/2005,6.789,6
1637,Isabella Cox,27/07/2002,7.234,6
1638,Owen Ward,31/01/2001,8.567,6
1639,Hannah Mitchell,05/08/2004,6.789,6
1640,William Watson,10/01/2003,7.234,6
1641,Sophia Parker,14/06/2000,8.123,6
1642,Ethan Perry,27/10/2005,6.789,6
1643,Amelia Fisher,01/05/2002,7.234,6
1644,Liam Roberts,05/12/2001,8.345,6
1645,Ava Simmons,19/07/2004,6.789,6
1646,James Cooper,23/02/2003,7.234,6
1647,Olivia Bailey,27/09/2000,8.567,6
1648,Lucas Barnes,02/04/2005,6.789,6
1649,Charlotte Stewart,16/11/2002,7.234,6
1650,Noah Ramirez,20/05/2001,8.345,6
1651,Oliver Fisher,14/10/2002,7.456,6
1652,Isabella Walsh,27/04/2001,8.234,6
1653,Liam Murphy,01/11/2004,6.789,6
1654,Sophia Martin,05/07/2003,7.890,6
1655,Ethan Coleman,19/02/2000,8.123,6
1656,Emma Stewart,23/10/2005,6.789,6
1657,Mason Porter,08/05/2002,7.234,6
1658,William Turner,12/12/2001,8.345,6
1659,Ava Parker,26/07/2004,6.789,6
1660,Noah Harrison,30/03/2003,7.234,6
1661,Charlotte Adams,03/10/2000,8.123,6
1662,Lucas Cole,17/05/2005,6.789,6
1663,Grace Thompson,21/01/2002,7.234,6
1664,Owen Hamilton,04/08/2001,8.456,6
1665,Avery Knight,09/11/2004,6.789,6
1666,Hannah Roberts,13/04/2003,7.234,6
1667,Logan White,26/10/2000,8.567,6
1668,Ella Hughes,31/03/2005,6.789,6
1669,Jack Mitchell,14/09/2002,7.234,6
1670,Sophie Jenkins,28/04/2001,8.123,6
1671,Liam Collins,02/11/2004,6.789,6
1672,Olivia Morris,06/07/2003,7.234,6
1673,Ethan Fisher,20/02/2000,8.345,6
1674,Isabella Bell,24/10/2005,6.789,6
1675,Lucas Campbell,09/05/2002,7.234,6
1676,Sophia Hunter,13/12/2001,8.567,6
1677,James Simmons,17/06/2004,6.789,6
1678,Ella Foster,30/01/2003,7.234,6
1679,Liam Peterson,04/08/2000,8.123,6
1680,Ava Cooper,19/03/2005,6.789,6
1681,Noah Parker,22/10/2002,7.234,6
1682,Charlotte Brooks,26/05/2001,8.345,6
1683,Sophia Rivera,31/12/2004,6.789,6
1684,Jack Barnes,14/04/2003,7.234,6
1685,Ella Stewart,18/09/2000,8.456,6
1686,Luke Ramirez,22/12/2005,6.789,6
1687,Isabella Cox,27/07/2002,7.234,6
1688,Owen Ward,31/01/2001,8.567,6
1689,Hannah Mitchell,05/08/2004,6.789,6
1690,William Watson,10/01/2003,7.234,6
1691,Sophia Parker,14/06/2000,8.123,6
1692,Ethan Perry,27/10/2005,6.789,6
1693,Amelia Fisher,01/05/2002,7.234,6
1694,Liam Roberts,05/12/2001,8.345,6
1695,Ava Simmons,19/07/2004,6.789,6
1696,James Cooper,23/02/2003,7.234,6
1697,Olivia Bailey,27/09/2000,8.567,6
1698,Lucas Barnes,02/04/2005,6.789,6
1699,Charlotte Stewart,16/11/2002,7.234,6
1700,Noah Ramirez,20/05/2001,8.345,6
1701,Oliver Foster,14/10/2002,7.456,6
1702,Isabella Parker,27/04/2001,8.234,6
1703,Liam Cox,01/11/2004,6.789,6
1704,Sophia Kelly,05/07/2003,7.890,6
1705,Ethan Richardson,19/02/2000,8.123,6
1706,Emma Wood,23/10/2005,6.789,6
1707,Mason Brooks,08/05/2002,7.234,6
1708,William Hayes,12/12/2001,8.345,6
1709,Ava James,26/07/2004,6.789,6
1710,Noah Russell,30/03/2003,7.234,6
1711,Charlotte Hughes,03/10/2000,8.123,6
1712,Lucas Reed,17/05/2005,6.789,6
1713,Grace Price,21/01/2002,7.234,6
1714,Owen Collins,04/08/2001,8.456,6
1715,Avery Ward,09/11/2004,6.789,6
1716,Hannah Griffin,13/04/2003,7.234,6
1717,Logan Coleman,26/10/2000,8.567,6
1718,Ella Bell,31/03/2005,6.789,6
1719,Jack Foster,14/09/2002,7.234,6
1720,Sophie Perry,28/04/2001,8.123,6
1721,Liam Butler,02/11/2004,6.789,6
1722,Olivia Barnes,06/07/2003,7.234,6
1723,Emma Simmons,20/02/2000,8.345,6
1724,Mason Diaz,24/10/2005,6.789,6
1725,Sophia Hayes,09/05/2002,7.234,6
1726,William Ward,13/12/2001,8.567,6
1727,Isabella Peterson,17/06/2004,6.789,6
1728,James Mitchell,30/01/2003,7.234,6
1729,Ella Watson,04/08/2000,8.123,6
1730,Liam Peterson,19/03/2005,6.789,6
1731,Ava Cooper,22/10/2002,7.234,6
1732,Logan Brooks,26/05/2001,8.345,6
1733,Sophia Rivera,31/12/2004,6.789,6
1734,Jack Barnes,14/04/2003,7.234,6
1735,Ella Stewart,18/09/2000,8.456,6
1736,Luke Ramirez,22/12/2005,6.789,6
1737,Isabella Cox,27/07/2002,7.234,6
1738,Owen Ward,31/01/2001,8.567,6
1739,Hannah Mitchell,05/08/2004,6.789,6
1740,William Watson,10/01/2003,7.234,6
1741,Sophia Parker,14/06/2000,8.123,6
1742,Ethan Perry,27/10/2005,6.789,6
1743,Amelia Fisher,01/05/2002,7.234,6
1744,Liam Roberts,05/12/2001,8.345,6
1745,Ava Simmons,19/07/2004,6.789,6
1746,James Cooper,23/02/2003,7.234,6
1747,Olivia Bailey,27/09/2000,8.567,6
1748,Lucas Barnes,02/04/2005,6.789,6
1749,Charlotte Stewart,16/11/2002,7.234,6
1750,Noah Ramirez,20/05/2001,8.345,6